id,nome,sobrenome,email
1,Dina,Lightbowne,dlightbowne0@wikimedia.org
2,Hyacintha,Farncomb,hfarncomb1@youku.com
3,Leia,Itzcovichch,litzcovichch2@domainmarket.com
4,La verne,Swaine,lswaine3@chronoengine.com
5,Mavra,Loyndon,mloyndon4@ihg.com
6,Junina,Rengger,jrengger5@drupal.org
7,Aymer,Cambling,acambling6@feedburner.com
8,Ab,Fathers,afathers7@google.nl
9,Audrie,Beumant,abeumant8@gov.uk
10,Humberto,Balint,hbalint9@sogou.com
11,Eadith,Goroni,egoronia@abc.net.au
12,Udall,Alessandrucci,ualessandruccib@webmd.com
13,Fraze,Anwell,fanwellc@mlb.com
14,Jecho,Alltimes,jalltimesd@squidoo.com
15,Inna,Grindle,igrindlee@tripod.com
16,Shaina,Kipling,skiplingf@redcross.org
17,Garret,Ditt,gdittg@amazon.co.uk
18,Dorelle,Sheran,dsheranh@apache.org
19,Clea,Tournie,ctourniei@t-online.de
20,Leelah,Francois,lfrancoisj@java.com
21,Karol,Tukesby,ktukesbyk@bizjournals.com
22,Tobias,Springthorpe,tspringthorpel@posterous.com
23,Hedvige,Alentyev,halentyevm@hubpages.com
24,Jorie,Shilleto,jshilleton@jimdo.com
25,Mychal,Whyborne,mwhyborneo@guardian.co.uk
